j256/ormlite-core,632b87c2a455b8eab4a6c09324e1f166273588d8,.,com.j256.ormlite.dao.RuntimeExceptionDaoTest.testAssignEmptyForeignCollectionThrow,null,0.299,0,0,0,0,0,0,0,wrongjsonfail,null,null,null
j256/ormlite-core,632b87c2a455b8eab4a6c09324e1f166273588d8,.,com.j256.ormlite.dao.RuntimeExceptionDaoTest.testCallBatchTasksThrow,null,0.339,0,0,0,0,0,0,0,wrongjsonfail,null,null,null
j256/ormlite-core,632b87c2a455b8eab4a6c09324e1f166273588d8,.,com.j256.ormlite.dao.RuntimeExceptionDaoTest.testCloseLastIteratorThrow,null,0.399,0,0,0,0,0,0,0,wrongjsonfail,null,null,null
j256/ormlite-core,632b87c2a455b8eab4a6c09324e1f166273588d8,.,com.j256.ormlite.dao.RuntimeExceptionDaoTest.testCloseLastIteratorThrows,null,0.389,0,0,0,0,0,0,0,wrongjsonfail,null,null,null
j256/ormlite-core,632b87c2a455b8eab4a6c09324e1f166273588d8,.,com.j256.ormlite.dao.RuntimeExceptionDaoTest.testCommitThrows,null,0.378,0,0,0,0,0,0,0,wrongjsonfail,null,null,null
j256/ormlite-core,632b87c2a455b8eab4a6c09324e1f166273588d8,.,com.j256.ormlite.dao.RuntimeExceptionDaoTest.testCountOfPreparedThrow,null,0.411,0,0,0,0,0,0,0,wrongjsonfail,null,null,null
j256/ormlite-core,632b87c2a455b8eab4a6c09324e1f166273588d8,.,com.j256.ormlite.dao.RuntimeExceptionDaoTest.testCountOfThrow,null,0.391,0,0,0,0,0,0,0,wrongjsonfail,null,null,null
j256/ormlite-core,632b87c2a455b8eab4a6c09324e1f166273588d8,.,com.j256.ormlite.dao.RuntimeExceptionDaoTest.testCreateCollectionThrow,null,0.385,0,0,0,0,0,0,0,wrongjsonfail,null,null,null
j256/ormlite-core,632b87c2a455b8eab4a6c09324e1f166273588d8,.,com.j256.ormlite.dao.RuntimeExceptionDaoTest.testCreateIfNotExistsThrow,null,0.368,0,0,0,0,0,0,0,wrongjsonfail,null,null,null
j256/ormlite-core,632b87c2a455b8eab4a6c09324e1f166273588d8,.,com.j256.ormlite.dao.RuntimeExceptionDaoTest.testCreateObjectInstanceThrows,null,0.382,0,0,0,0,0,0,0,wrongjsonfail,null,null,null
j256/ormlite-core,632b87c2a455b8eab4a6c09324e1f166273588d8,.,com.j256.ormlite.dao.RuntimeExceptionDaoTest.testCreateOrUpdateThrow,null,0.374,0,0,0,0,0,0,0,wrongjsonfail,null,null,null
j256/ormlite-core,632b87c2a455b8eab4a6c09324e1f166273588d8,.,com.j256.ormlite.dao.RuntimeExceptionDaoTest.testCreateThrow,null,0.381,0,0,0,0,0,0,0,wrongjsonfail,null,null,null
j256/ormlite-core,632b87c2a455b8eab4a6c09324e1f166273588d8,.,com.j256.ormlite.dao.RuntimeExceptionDaoTest.testDeleteByIdThrow,null,0.358,0,0,0,0,0,0,0,wrongjsonfail,null,null,null
j256/ormlite-core,632b87c2a455b8eab4a6c09324e1f166273588d8,.,com.j256.ormlite.dao.RuntimeExceptionDaoTest.testDeleteCollectionThrow,null,0.411,0,0,0,0,0,0,0,wrongjsonfail,null,null,null
j256/ormlite-core,632b87c2a455b8eab4a6c09324e1f166273588d8,.,com.j256.ormlite.dao.RuntimeExceptionDaoTest.testDeleteIdsThrow,null,0.434,0,0,0,0,0,0,0,wrongjsonfail,null,null,null
j256/ormlite-core,632b87c2a455b8eab4a6c09324e1f166273588d8,.,com.j256.ormlite.dao.RuntimeExceptionDaoTest.testDeletePreparedThrow,null,0.363,0,0,0,0,0,0,0,wrongjsonfail,null,null,null
j256/ormlite-core,632b87c2a455b8eab4a6c09324e1f166273588d8,.,com.j256.ormlite.dao.RuntimeExceptionDaoTest.testDeleteThrow,null,0.351,0,0,0,0,0,0,0,wrongjsonfail,null,null,null
j256/ormlite-core,632b87c2a455b8eab4a6c09324e1f166273588d8,.,com.j256.ormlite.dao.RuntimeExceptionDaoTest.testEndThreadConnectionThrows,null,0.37,0,0,0,0,0,0,0,wrongjsonfail,null,null,null
j256/ormlite-core,632b87c2a455b8eab4a6c09324e1f166273588d8,.,com.j256.ormlite.dao.RuntimeExceptionDaoTest.testExecuteRawNoArgsThrow,null,0.421,0,0,0,0,0,0,0,wrongjsonfail,null,null,null
j256/ormlite-core,632b87c2a455b8eab4a6c09324e1f166273588d8,.,com.j256.ormlite.dao.RuntimeExceptionDaoTest.testExecuteRawThrow,null,0.374,0,0,0,0,0,0,0,wrongjsonfail,null,null,null
j256/ormlite-core,632b87c2a455b8eab4a6c09324e1f166273588d8,.,com.j256.ormlite.dao.RuntimeExceptionDaoTest.testExtractIdThrow,null,0.522,0,0,0,0,0,0,0,wrongjsonfail,null,null,null
j256/ormlite-core,632b87c2a455b8eab4a6c09324e1f166273588d8,.,com.j256.ormlite.dao.RuntimeExceptionDaoTest.testGetEmptyForeignCollectionThrow,null,0.354,0,0,0,0,0,0,0,wrongjsonfail,null,null,null
j256/ormlite-core,632b87c2a455b8eab4a6c09324e1f166273588d8,.,com.j256.ormlite.dao.RuntimeExceptionDaoTest.testGetSelectStarRowMapperThrow,null,0.385,0,0,0,0,0,0,0,wrongjsonfail,null,null,null
j256/ormlite-core,632b87c2a455b8eab4a6c09324e1f166273588d8,.,com.j256.ormlite.dao.RuntimeExceptionDaoTest.testIdExistsThrows,null,0.336,0,0,0,0,0,0,0,wrongjsonfail,null,null,null
j256/ormlite-core,632b87c2a455b8eab4a6c09324e1f166273588d8,.,com.j256.ormlite.dao.RuntimeExceptionDaoTest.testIsAutoCommitThrows,null,0.363,0,0,0,0,0,0,0,wrongjsonfail,null,null,null
j256/ormlite-core,632b87c2a455b8eab4a6c09324e1f166273588d8,.,com.j256.ormlite.dao.RuntimeExceptionDaoTest.testIsTableExistsThrow,null,0.366,0,0,0,0,0,0,0,wrongjsonfail,null,null,null
j256/ormlite-core,632b87c2a455b8eab4a6c09324e1f166273588d8,.,com.j256.ormlite.dao.RuntimeExceptionDaoTest.testIteratorQueryFlags,null,0.389,0,0,0,0,0,0,0,wrongjsonfail,null,null,null
j256/ormlite-core,632b87c2a455b8eab4a6c09324e1f166273588d8,.,com.j256.ormlite.dao.RuntimeExceptionDaoTest.testIteratorThrow,null,0.395,0,0,0,0,0,0,0,wrongjsonfail,null,null,null
j256/ormlite-core,632b87c2a455b8eab4a6c09324e1f166273588d8,.,com.j256.ormlite.dao.RuntimeExceptionDaoTest.testMapSelectStarRowThrow,null,0.405,0,0,0,0,0,0,0,wrongjsonfail,null,null,null
j256/ormlite-core,632b87c2a455b8eab4a6c09324e1f166273588d8,.,com.j256.ormlite.dao.RuntimeExceptionDaoTest.testObjectsEqualThrow,null,0.416,0,0,0,0,0,0,0,wrongjsonfail,null,null,null
j256/ormlite-core,632b87c2a455b8eab4a6c09324e1f166273588d8,.,com.j256.ormlite.dao.RuntimeExceptionDaoTest.testQueryForAllThrow,null,0.351,0,0,0,0,0,0,0,wrongjsonfail,null,null,null
j256/ormlite-core,632b87c2a455b8eab4a6c09324e1f166273588d8,.,com.j256.ormlite.dao.RuntimeExceptionDaoTest.testQueryForEqThrow,null,0.422,0,0,0,0,0,0,0,wrongjsonfail,null,null,null
j256/ormlite-core,632b87c2a455b8eab4a6c09324e1f166273588d8,.,com.j256.ormlite.dao.RuntimeExceptionDaoTest.testQueryForFieldsValuesArgsThrow,null,0.363,0,0,0,0,0,0,0,wrongjsonfail,null,null,null
j256/ormlite-core,632b87c2a455b8eab4a6c09324e1f166273588d8,.,com.j256.ormlite.dao.RuntimeExceptionDaoTest.testQueryForFieldsValuesThrow,null,0.381,0,0,0,0,0,0,0,wrongjsonfail,null,null,null
j256/ormlite-core,632b87c2a455b8eab4a6c09324e1f166273588d8,.,com.j256.ormlite.dao.RuntimeExceptionDaoTest.testQueryForFirstPreparedThrow,null,0.352,0,0,0,0,0,0,0,wrongjsonfail,null,null,null
j256/ormlite-core,632b87c2a455b8eab4a6c09324e1f166273588d8,.,com.j256.ormlite.dao.RuntimeExceptionDaoTest.testQueryForIdThrow,null,0.336,0,0,0,0,0,0,0,wrongjsonfail,null,null,null
j256/ormlite-core,632b87c2a455b8eab4a6c09324e1f166273588d8,.,com.j256.ormlite.dao.RuntimeExceptionDaoTest.testQueryForMatchingArgsThrow,null,0.333,0,0,0,0,0,0,0,wrongjsonfail,null,null,null
j256/ormlite-core,632b87c2a455b8eab4a6c09324e1f166273588d8,.,com.j256.ormlite.dao.RuntimeExceptionDaoTest.testQueryForMatchingThrow,null,0.38,0,0,0,0,0,0,0,wrongjsonfail,null,null,null
j256/ormlite-core,632b87c2a455b8eab4a6c09324e1f166273588d8,.,com.j256.ormlite.dao.RuntimeExceptionDaoTest.testQueryForSameIdThrow,null,0.383,0,0,0,0,0,0,0,wrongjsonfail,null,null,null
j256/ormlite-core,632b87c2a455b8eab4a6c09324e1f166273588d8,.,com.j256.ormlite.dao.RuntimeExceptionDaoTest.testQueryRawDatatypesThrows,null,0.357,0,0,0,0,0,0,0,wrongjsonfail,null,null,null
j256/ormlite-core,632b87c2a455b8eab4a6c09324e1f166273588d8,.,com.j256.ormlite.dao.RuntimeExceptionDaoTest.testQueryRawDateTypesThrow,null,0.347,0,0,0,0,0,0,0,wrongjsonfail,null,null,null
j256/ormlite-core,632b87c2a455b8eab4a6c09324e1f166273588d8,.,com.j256.ormlite.dao.RuntimeExceptionDaoTest.testQueryRawMapperThrows,null,0.352,0,0,0,0,0,0,0,wrongjsonfail,null,null,null
j256/ormlite-core,632b87c2a455b8eab4a6c09324e1f166273588d8,.,com.j256.ormlite.dao.RuntimeExceptionDaoTest.testQueryRawRowMapperThrow,null,0.454,0,0,0,0,0,0,0,wrongjsonfail,null,null,null
j256/ormlite-core,632b87c2a455b8eab4a6c09324e1f166273588d8,.,com.j256.ormlite.dao.RuntimeExceptionDaoTest.testQueryRawThrow,null,0.407,0,0,0,0,0,0,0,wrongjsonfail,null,null,null
j256/ormlite-core,632b87c2a455b8eab4a6c09324e1f166273588d8,.,com.j256.ormlite.dao.RuntimeExceptionDaoTest.testQueryRawValueThrow,null,0.45,0,0,0,0,0,0,0,wrongjsonfail,null,null,null
j256/ormlite-core,632b87c2a455b8eab4a6c09324e1f166273588d8,.,com.j256.ormlite.dao.RuntimeExceptionDaoTest.testQueryThrow,null,0.342,0,0,0,0,0,0,0,wrongjsonfail,null,null,null
j256/ormlite-core,632b87c2a455b8eab4a6c09324e1f166273588d8,.,com.j256.ormlite.dao.RuntimeExceptionDaoTest.testRefreshThrow,null,0.372,0,0,0,0,0,0,0,wrongjsonfail,null,null,null
j256/ormlite-core,632b87c2a455b8eab4a6c09324e1f166273588d8,.,com.j256.ormlite.dao.RuntimeExceptionDaoTest.testRollbackThrows,null,0.401,0,0,0,0,0,0,0,wrongjsonfail,null,null,null
j256/ormlite-core,632b87c2a455b8eab4a6c09324e1f166273588d8,.,com.j256.ormlite.dao.RuntimeExceptionDaoTest.testSetAutoCommitThrows,null,0.375,0,0,0,0,0,0,0,wrongjsonfail,null,null,null
j256/ormlite-core,632b87c2a455b8eab4a6c09324e1f166273588d8,.,com.j256.ormlite.dao.RuntimeExceptionDaoTest.testSetObjectCacheCacheThrow,null,0.345,0,0,0,0,0,0,0,wrongjsonfail,null,null,null
j256/ormlite-core,632b87c2a455b8eab4a6c09324e1f166273588d8,.,com.j256.ormlite.dao.RuntimeExceptionDaoTest.testSetObjectCacheThrow,null,0.325,0,0,0,0,0,0,0,wrongjsonfail,null,null,null
j256/ormlite-core,632b87c2a455b8eab4a6c09324e1f166273588d8,.,com.j256.ormlite.dao.RuntimeExceptionDaoTest.testStartThreadConnectionThrows,null,0.348,0,0,0,0,0,0,0,wrongjsonfail,null,null,null
j256/ormlite-core,632b87c2a455b8eab4a6c09324e1f166273588d8,.,com.j256.ormlite.dao.RuntimeExceptionDaoTest.testUpdateIdThrow,null,0.364,0,0,0,0,0,0,0,wrongjsonfail,null,null,null
j256/ormlite-core,632b87c2a455b8eab4a6c09324e1f166273588d8,.,com.j256.ormlite.dao.RuntimeExceptionDaoTest.testUpdatePreparedThrow,null,0.349,0,0,0,0,0,0,0,wrongjsonfail,null,null,null
j256/ormlite-core,632b87c2a455b8eab4a6c09324e1f166273588d8,.,com.j256.ormlite.dao.RuntimeExceptionDaoTest.testUpdateRawThrow,null,0.356,0,0,0,0,0,0,0,wrongjsonfail,null,null,null
j256/ormlite-core,632b87c2a455b8eab4a6c09324e1f166273588d8,.,com.j256.ormlite.dao.RuntimeExceptionDaoTest.testUpdateThrow,null,0.352,0,0,0,0,0,0,0,wrongjsonfail,null,null,null
j256/ormlite-core,632b87c2a455b8eab4a6c09324e1f166273588d8,.,com.j256.ormlite.db.BaseDatabaseTypeTest.testDriverNotFound,null,0.368,0,0,0,0,0,0,0,wrongjsonfail,null,null,null
j256/ormlite-core,632b87c2a455b8eab4a6c09324e1f166273588d8,.,com.j256.ormlite.misc.TransactionManagerTest.testConnectionLeakCreateList,null,0.367,0,0,0,0,0,0,0,wrongjsonfail,null,null,null
j256/ormlite-core,632b87c2a455b8eab4a6c09324e1f166273588d8,.,com.j256.ormlite.misc.TransactionManagerTest.testDaoTransactionManagerCommitted,null,0.33,0,0,0,0,0,0,0,wrongjsonfail,null,null,null
j256/ormlite-core,632b87c2a455b8eab4a6c09324e1f166273588d8,.,com.j256.ormlite.misc.TransactionManagerTest.testNestedTransactions,null,0.403,0,0,0,0,0,0,0,wrongjsonfail,null,null,null
j256/ormlite-core,632b87c2a455b8eab4a6c09324e1f166273588d8,.,com.j256.ormlite.misc.TransactionManagerTest.testNestedTransactionsReleaseFails,null,0.363,0,0,0,0,0,0,0,wrongjsonfail,null,null,null
j256/ormlite-core,632b87c2a455b8eab4a6c09324e1f166273588d8,.,com.j256.ormlite.misc.TransactionManagerTest.testNonRuntimeExceptionWiredRollBack,null,0.368,0,0,0,0,0,0,0,wrongjsonfail,null,null,null
j256/ormlite-core,632b87c2a455b8eab4a6c09324e1f166273588d8,.,com.j256.ormlite.misc.TransactionManagerTest.testRollBack,null,0.388,0,0,0,0,0,0,0,wrongjsonfail,null,null,null
j256/ormlite-core,632b87c2a455b8eab4a6c09324e1f166273588d8,.,com.j256.ormlite.misc.TransactionManagerTest.testSpringWiredRollBack,null,0.351,0,0,0,0,0,0,0,wrongjsonfail,null,null,null
j256/ormlite-core,632b87c2a455b8eab4a6c09324e1f166273588d8,.,com.j256.ormlite.misc.TransactionManagerTest.testTransactionManager,null,0.366,0,0,0,0,0,0,0,wrongjsonfail,null,null,null
j256/ormlite-core,632b87c2a455b8eab4a6c09324e1f166273588d8,.,com.j256.ormlite.misc.TransactionManagerTest.testTransactionManagerAutoCommitOn,null,0.363,0,0,0,0,0,0,0,wrongjsonfail,null,null,null
j256/ormlite-core,632b87c2a455b8eab4a6c09324e1f166273588d8,.,com.j256.ormlite.misc.TransactionManagerTest.testTransactionManagerAutoCommitSupported,null,0.362,0,0,0,0,0,0,0,wrongjsonfail,null,null,null
j256/ormlite-core,632b87c2a455b8eab4a6c09324e1f166273588d8,.,com.j256.ormlite.misc.TransactionManagerTest.testTransactionManagerRollback,null,0.383,0,0,0,0,0,0,0,wrongjsonfail,null,null,null
j256/ormlite-core,632b87c2a455b8eab4a6c09324e1f166273588d8,.,com.j256.ormlite.misc.TransactionManagerTest.testTransactionManagerRollbackNullSavePoint,null,0.415,0,0,0,0,0,0,0,wrongjsonfail,null,null,null
j256/ormlite-core,632b87c2a455b8eab4a6c09324e1f166273588d8,.,com.j256.ormlite.misc.TransactionManagerTest.testTransactionManagerRollbackOtherException,null,0.348,0,0,0,0,0,0,0,wrongjsonfail,null,null,null
j256/ormlite-core,632b87c2a455b8eab4a6c09324e1f166273588d8,.,com.j256.ormlite.misc.TransactionManagerTest.testTransactionManagerSavePointNull,null,0.538,0,0,0,0,0,0,0,wrongjsonfail,null,null,null
j256/ormlite-core,632b87c2a455b8eab4a6c09324e1f166273588d8,.,com.j256.ormlite.misc.TransactionManagerTest.testTransactionManagerTableName,null,0.42,0,0,0,0,0,0,0,wrongjsonfail,null,null,null
j256/ormlite-core,632b87c2a455b8eab4a6c09324e1f166273588d8,.,com.j256.ormlite.misc.TransactionManagerTest.testTransactionWithinTransaction,null,0.376,0,0,0,0,0,0,0,wrongjsonfail,null,null,null
j256/ormlite-core,632b87c2a455b8eab4a6c09324e1f166273588d8,.,com.j256.ormlite.misc.TransactionManagerTest.testTransactionWithinTransactionFails,null,0.381,0,0,0,0,0,0,0,wrongjsonfail,null,null,null
j256/ormlite-core,632b87c2a455b8eab4a6c09324e1f166273588d8,.,com.j256.ormlite.stmt.QueryBuilderWithSchemaTest.testQueryRawColumnsNotQuery,null,0.328,0,0,0,0,0,0,0,wrongjsonfail,null,null,null
j256/ormlite-core,632b87c2a455b8eab4a6c09324e1f166273588d8,.,com.j256.ormlite.stmt.StatementExecutorTest.testCallBatchTasksNestedInTransaction,null,0.437,0,0,0,0,0,0,0,wrongjsonfail,null,null,null
j256/ormlite-core,632b87c2a455b8eab4a6c09324e1f166273588d8,.,com.j256.ormlite.support.BaseConnectionSourceTest.testClearDifferentConnection,null,0.415,0,0,0,0,0,0,0,wrongjsonfail,null,null,null
j256/ormlite-core,632b87c2a455b8eab4a6c09324e1f166273588d8,.,com.j256.ormlite.support.BaseConnectionSourceTest.testClearNone,null,0.478,0,0,0,0,0,0,0,wrongjsonfail,null,null,null
j256/ormlite-core,632b87c2a455b8eab4a6c09324e1f166273588d8,.,com.j256.ormlite.support.DatabaseConnectionProxyFactoryTest.testBasic,null,0.377,0,0,0,0,0,0,0,wrongjsonfail,null,null,null
j256/ormlite-core,632b87c2a455b8eab4a6c09324e1f166273588d8,.,com.j256.ormlite.support.DatabaseConnectionProxyFactoryTest.testChangeInsertValue,null,0.368,0,0,0,0,0,0,0,wrongjsonfail,null,null,null
j256/ormlite-core,632b87c2a455b8eab4a6c09324e1f166273588d8,.,com.j256.ormlite.table.SchemaUtilsTest.testCreateIfNotExists,null,0.374,0,0,0,0,0,0,0,wrongjsonfail,null,null,null
j256/ormlite-core,632b87c2a455b8eab4a6c09324e1f166273588d8,.,com.j256.ormlite.table.SchemaUtilsTest.testCreateSchema,null,0.417,0,0,0,0,0,0,0,wrongjsonfail,null,null,null
j256/ormlite-core,632b87c2a455b8eab4a6c09324e1f166273588d8,.,com.j256.ormlite.table.SchemaUtilsTest.testCreateSchemaDao,null,0.405,0,0,0,0,0,0,0,wrongjsonfail,null,null,null
j256/ormlite-core,632b87c2a455b8eab4a6c09324e1f166273588d8,.,com.j256.ormlite.table.SchemaUtilsTest.testCreateSchemaName,null,0.387,0,0,0,0,0,0,0,wrongjsonfail,null,null,null
j256/ormlite-core,632b87c2a455b8eab4a6c09324e1f166273588d8,.,com.j256.ormlite.table.SchemaUtilsTest.testDropSchema,null,0.539,0,0,0,0,0,0,0,wrongjsonfail,null,null,null
j256/ormlite-core,632b87c2a455b8eab4a6c09324e1f166273588d8,.,com.j256.ormlite.table.SchemaUtilsTest.testDropSchemaThrow,null,0.455,0,0,0,0,0,0,0,wrongjsonfail,null,null,null
j256/ormlite-core,632b87c2a455b8eab4a6c09324e1f166273588d8,.,com.j256.ormlite.table.TableUtilsTest.testMissingCreate,null,0.406,0,0,0,0,0,0,0,wrongjsonfail,null,null,null
