apache/hive,54e43339dd671018fc70ebb5d9f0b292d70391a6,llap-tez,org.apache.hadoop.hive.llap.tezplugins.TestLlapTaskSchedulerService.testChangeGuaranteedTotal,null,0.346,0,0,0,0,0,0,0,wrongjsonfail,null,null,null
apache/hive,54e43339dd671018fc70ebb5d9f0b292d70391a6,llap-tez,org.apache.hadoop.hive.llap.tezplugins.TestLlapTaskSchedulerService.testConcurrentUpdates,null,0.341,0,0,0,0,0,0,0,wrongjsonfail,null,null,null
apache/hive,54e43339dd671018fc70ebb5d9f0b292d70391a6,llap-tez,org.apache.hadoop.hive.llap.tezplugins.TestLlapTaskSchedulerService.testConcurrentUpdateWithError,null,0.464,0,0,0,0,0,0,0,wrongjsonfail,null,null,null
apache/hive,54e43339dd671018fc70ebb5d9f0b292d70391a6,llap-tez,org.apache.hadoop.hive.llap.tezplugins.TestLlapTaskSchedulerService.testDelayedLocalityFallbackToNonLocal,null,0.31,0,0,0,0,0,0,0,wrongjsonfail,null,null,null
apache/hive,54e43339dd671018fc70ebb5d9f0b292d70391a6,llap-tez,org.apache.hadoop.hive.llap.tezplugins.TestLlapTaskSchedulerService.testDelayedLocalityNodeCommErrorDelayedAllocation,null,0.295,0,0,0,0,0,0,0,wrongjsonfail,null,null,null
apache/hive,54e43339dd671018fc70ebb5d9f0b292d70391a6,llap-tez,org.apache.hadoop.hive.llap.tezplugins.TestLlapTaskSchedulerService.testDelayedLocalityNodeCommErrorImmediateAllocation,null,0.314,0,0,0,0,0,0,0,wrongjsonfail,null,null,null
apache/hive,54e43339dd671018fc70ebb5d9f0b292d70391a6,llap-tez,org.apache.hadoop.hive.llap.tezplugins.TestLlapTaskSchedulerService.testDelayedQueeTaskSelectionAfterScheduled,null,0.337,0,0,0,0,0,0,0,wrongjsonfail,null,null,null
apache/hive,54e43339dd671018fc70ebb5d9f0b292d70391a6,llap-tez,org.apache.hadoop.hive.llap.tezplugins.TestLlapTaskSchedulerService.testForcedLocalityMultiplePreemptionsSameHost2,null,0.322,0,0,0,0,0,0,0,wrongjsonfail,null,null,null
apache/hive,54e43339dd671018fc70ebb5d9f0b292d70391a6,llap-tez,org.apache.hadoop.hive.llap.tezplugins.TestLlapTaskSchedulerService.testGuaranteedScheduling,null,0.335,0,0,0,0,0,0,0,wrongjsonfail,null,null,null
apache/hive,54e43339dd671018fc70ebb5d9f0b292d70391a6,llap-tez,org.apache.hadoop.hive.llap.tezplugins.TestLlapTaskSchedulerService.testHeartbeatInconsistency,null,0.321,0,0,0,0,0,0,0,wrongjsonfail,null,null,null
apache/hive,54e43339dd671018fc70ebb5d9f0b292d70391a6,llap-tez,org.apache.hadoop.hive.llap.tezplugins.TestLlapTaskSchedulerService.testHostPreferenceMissesConsistentPartialAlive,null,0.318,0,0,0,0,0,0,0,wrongjsonfail,null,null,null
apache/hive,54e43339dd671018fc70ebb5d9f0b292d70391a6,llap-tez,org.apache.hadoop.hive.llap.tezplugins.TestLlapTaskSchedulerService.testHostPreferenceMissesConsistentRollover,null,0.314,0,0,0,0,0,0,0,wrongjsonfail,null,null,null
apache/hive,54e43339dd671018fc70ebb5d9f0b292d70391a6,llap-tez,org.apache.hadoop.hive.llap.tezplugins.TestLlapTaskSchedulerService.testNodeReEnabled,null,0.329,0,0,0,0,0,0,0,wrongjsonfail,null,null,null
apache/hive,54e43339dd671018fc70ebb5d9f0b292d70391a6,llap-tez,org.apache.hadoop.hive.llap.tezplugins.TestLlapTaskSchedulerService.testPreemptionChoiceTimeOrdering,null,0.295,0,0,0,0,0,0,0,wrongjsonfail,null,null,null
apache/hive,54e43339dd671018fc70ebb5d9f0b292d70391a6,llap-tez,org.apache.hadoop.hive.llap.tezplugins.TestLlapTaskSchedulerService.testSimpleLocalAllocation,null,0.319,0,0,0,0,0,0,0,wrongjsonfail,null,null,null
apache/hive,54e43339dd671018fc70ebb5d9f0b292d70391a6,llap-tez,org.apache.hadoop.hive.llap.tezplugins.TestLlapTaskSchedulerService.testSimpleNoLocalityAllocation,null,0.36,0,0,0,0,0,0,0,wrongjsonfail,null,null,null
apache/hive,54e43339dd671018fc70ebb5d9f0b292d70391a6,llap-tez,org.apache.hadoop.hive.llap.tezplugins.TestLlapTaskSchedulerService.testUpdateWithError,null,0.306,0,0,0,0,0,0,0,wrongjsonfail,null,null,null
apache/hive,54e43339dd671018fc70ebb5d9f0b292d70391a6,serde,org.apache.hadoop.hive.serde2.avro.TestAvroDeserializer.canDeserializeTimestamps,null,0.422,0,0,0,0,0,0,0,wrongjsonfail,null,null,null
apache/hive,54e43339dd671018fc70ebb5d9f0b292d70391a6,serde,org.apache.hadoop.hive.serde2.objectinspector.TestObjectInspectorUtils.testBucketHashGeneration,null,0.433,0,0,0,0,0,0,0,wrongjsonfail,null,null,null
