alibaba/wasp,b2593d8e4b31ca6da0cd2f3e18356338d9b6dace,.,com.alibaba.wasp.client.TestAdmin.testCheckWaspAvailableClosesConnection,null,0.356,0,0,0,0,0,0,0,wrongjsonfail,null,null,null
alibaba/wasp,b2593d8e4b31ca6da0cd2f3e18356338d9b6dace,.,com.alibaba.wasp.client.TestAdmin.testCloseEntityGroupIfInvalidEntityGroupNameIsPassed,null,0.3,0,0,0,0,0,0,0,wrongjsonfail,null,null,null
alibaba/wasp,b2593d8e4b31ca6da0cd2f3e18356338d9b6dace,.,com.alibaba.wasp.client.TestAdmin.testCloseEntityGroupThatFetchesTheEGIFromMeta,null,0.299,0,0,0,0,0,0,0,wrongjsonfail,null,null,null
alibaba/wasp,b2593d8e4b31ca6da0cd2f3e18356338d9b6dace,.,com.alibaba.wasp.client.TestAdmin.testCloseEntityGroupWhenEncodedEntityGroupNameIsNotGiven,null,0.301,0,0,0,0,0,0,0,wrongjsonfail,null,null,null
alibaba/wasp,b2593d8e4b31ca6da0cd2f3e18356338d9b6dace,.,com.alibaba.wasp.client.TestAdmin.testCloseEntityGroupWhenServerNameIsEmpty,null,0.289,0,0,0,0,0,0,0,wrongjsonfail,null,null,null
alibaba/wasp,b2593d8e4b31ca6da0cd2f3e18356338d9b6dace,.,com.alibaba.wasp.client.TestAdmin.testCreateTable,null,0.303,0,0,0,0,0,0,0,wrongjsonfail,null,null,null
alibaba/wasp,b2593d8e4b31ca6da0cd2f3e18356338d9b6dace,.,com.alibaba.wasp.client.TestAdmin.testCreateTableWithEmptyRowInTheSplitKeys,null,0.326,0,0,0,0,0,0,0,wrongjsonfail,null,null,null
alibaba/wasp,b2593d8e4b31ca6da0cd2f3e18356338d9b6dace,.,com.alibaba.wasp.client.TestAdmin.testCreateTableWithEntityGroups,null,0.286,0,0,0,0,0,0,0,wrongjsonfail,null,null,null
alibaba/wasp,b2593d8e4b31ca6da0cd2f3e18356338d9b6dace,.,com.alibaba.wasp.client.TestAdmin.testCreateTableWithOnlyEmptyStartRow,null,0.309,0,0,0,0,0,0,0,wrongjsonfail,null,null,null
alibaba/wasp,b2593d8e4b31ca6da0cd2f3e18356338d9b6dace,.,com.alibaba.wasp.client.TestAdmin.testDisableAndEnableTable,null,0.304,0,0,0,0,0,0,0,wrongjsonfail,null,null,null
alibaba/wasp,b2593d8e4b31ca6da0cd2f3e18356338d9b6dace,.,com.alibaba.wasp.client.TestAdmin.testDisableAndEnableTables,null,0.305,0,0,0,0,0,0,0,wrongjsonfail,null,null,null
alibaba/wasp,b2593d8e4b31ca6da0cd2f3e18356338d9b6dace,.,com.alibaba.wasp.client.TestAdmin.testDisableEnableTableHasChilds,null,0.287,0,0,0,0,0,0,0,wrongjsonfail,null,null,null
alibaba/wasp,b2593d8e4b31ca6da0cd2f3e18356338d9b6dace,.,com.alibaba.wasp.client.TestAdmin.testEmptyFTable,null,0.291,0,0,0,0,0,0,0,wrongjsonfail,null,null,null
alibaba/wasp,b2593d8e4b31ca6da0cd2f3e18356338d9b6dace,.,com.alibaba.wasp.client.TestAdmin.testEnableDisableAddColumnDeleteColumn,null,0.321,0,0,0,0,0,0,0,wrongjsonfail,null,null,null
alibaba/wasp,b2593d8e4b31ca6da0cd2f3e18356338d9b6dace,.,com.alibaba.wasp.client.TestAdmin.testGetTableEntityGroups,null,0.313,0,0,0,0,0,0,0,wrongjsonfail,null,null,null
alibaba/wasp,b2593d8e4b31ca6da0cd2f3e18356338d9b6dace,.,com.alibaba.wasp.client.TestAdmin.testOnlineChangeTableSchema,null,0.303,0,0,0,0,0,0,0,wrongjsonfail,null,null,null
alibaba/wasp,b2593d8e4b31ca6da0cd2f3e18356338d9b6dace,.,com.alibaba.wasp.client.TestAdmin.testShouldCloseTheEntityGroupBasedOnTheEncodedEntityGroupName,null,0.32,0,0,0,0,0,0,0,wrongjsonfail,null,null,null
alibaba/wasp,b2593d8e4b31ca6da0cd2f3e18356338d9b6dace,.,com.alibaba.wasp.client.TestAdmin.testShouldFailOnlineSchemaUpdateIfOnlineSchemaIsNotEnabled,null,0.293,0,0,0,0,0,0,0,wrongjsonfail,null,null,null
alibaba/wasp,b2593d8e4b31ca6da0cd2f3e18356338d9b6dace,.,com.alibaba.wasp.client.TestAdmin.testSplitUnknownTable,null,0.294,0,0,0,0,0,0,0,wrongjsonfail,null,null,null
alibaba/wasp,b2593d8e4b31ca6da0cd2f3e18356338d9b6dace,.,com.alibaba.wasp.client.TestAdmin.testTableExist,null,0.287,0,0,0,0,0,0,0,wrongjsonfail,null,null,null
alibaba/wasp,b2593d8e4b31ca6da0cd2f3e18356338d9b6dace,.,com.alibaba.wasp.client.TestAdmin.testTableExistsExceptionWithATable,null,0.292,0,0,0,0,0,0,0,wrongjsonfail,null,null,null
alibaba/wasp,b2593d8e4b31ca6da0cd2f3e18356338d9b6dace,.,com.alibaba.wasp.client.TestAdmin.testTableLocked,null,0.306,0,0,0,0,0,0,0,wrongjsonfail,null,null,null
alibaba/wasp,b2593d8e4b31ca6da0cd2f3e18356338d9b6dace,.,com.alibaba.wasp.client.TestAdmin.testTableNameClash,null,0.293,0,0,0,0,0,0,0,wrongjsonfail,null,null,null
alibaba/wasp,b2593d8e4b31ca6da0cd2f3e18356338d9b6dace,.,com.alibaba.wasp.client.TestAdmin.testTableNotDisabledExceptionWithATable,null,0.318,0,0,0,0,0,0,0,wrongjsonfail,null,null,null
alibaba/wasp,b2593d8e4b31ca6da0cd2f3e18356338d9b6dace,.,com.alibaba.wasp.client.TestAdmin.testTableNotEnabledExceptionWithATable,null,0.317,0,0,0,0,0,0,0,wrongjsonfail,null,null,null
alibaba/wasp,b2593d8e4b31ca6da0cd2f3e18356338d9b6dace,.,com.alibaba.wasp.client.TestDataCorrectness.testSelectFromChildTableUsingRandomIndex,null,0.292,0,0,0,0,0,0,0,wrongjsonfail,null,null,null
alibaba/wasp,b2593d8e4b31ca6da0cd2f3e18356338d9b6dace,.,com.alibaba.wasp.client.TestDataCorrectness.testSelectFromParentTableUsingRandomIndex,null,0.3,0,0,0,0,0,0,0,wrongjsonfail,null,null,null
alibaba/wasp,b2593d8e4b31ca6da0cd2f3e18356338d9b6dace,.,com.alibaba.wasp.client.TestFClientLoadBalance.testExecute,null,0.306,0,0,0,0,0,0,0,wrongjsonfail,null,null,null
alibaba/wasp,b2593d8e4b31ca6da0cd2f3e18356338d9b6dace,.,com.alibaba.wasp.client.TestFClientLoadBalance.testExecuteWhenWaspClose,null,0.297,0,0,0,0,0,0,0,wrongjsonfail,null,null,null
alibaba/wasp,b2593d8e4b31ca6da0cd2f3e18356338d9b6dace,.,com.alibaba.wasp.client.TestFClientLoadBalance.testNextWithWrongSession,null,0.304,0,0,0,0,0,0,0,wrongjsonfail,null,null,null
alibaba/wasp,b2593d8e4b31ca6da0cd2f3e18356338d9b6dace,.,com.alibaba.wasp.client.TestFromClientSide.testCreateTable,null,0.296,0,0,0,0,0,0,0,wrongjsonfail,null,null,null
alibaba/wasp,b2593d8e4b31ca6da0cd2f3e18356338d9b6dace,.,com.alibaba.wasp.client.TestFromClientSide.testCreateTableAndIndex,null,0.342,0,0,0,0,0,0,0,wrongjsonfail,null,null,null
alibaba/wasp,b2593d8e4b31ca6da0cd2f3e18356338d9b6dace,.,com.alibaba.wasp.client.TestFromClientSide.testDeleteNotOnlyPK,null,0.304,0,0,0,0,0,0,0,wrongjsonfail,null,null,null
alibaba/wasp,b2593d8e4b31ca6da0cd2f3e18356338d9b6dace,.,com.alibaba.wasp.client.TestFromClientSide.testExecute,null,0.297,0,0,0,0,0,0,0,wrongjsonfail,null,null,null
alibaba/wasp,b2593d8e4b31ca6da0cd2f3e18356338d9b6dace,.,com.alibaba.wasp.client.TestFromClientSide.testGetSql,null,0.292,0,0,0,0,0,0,0,wrongjsonfail,null,null,null
alibaba/wasp,b2593d8e4b31ca6da0cd2f3e18356338d9b6dace,.,com.alibaba.wasp.client.TestFromClientSide.testInsertWithSomePK,null,0.319,0,0,0,0,0,0,0,wrongjsonfail,null,null,null
alibaba/wasp,b2593d8e4b31ca6da0cd2f3e18356338d9b6dace,.,com.alibaba.wasp.client.TestFromClientSide.testInvalidDatatype,null,0.294,0,0,0,0,0,0,0,wrongjsonfail,null,null,null
alibaba/wasp,b2593d8e4b31ca6da0cd2f3e18356338d9b6dace,.,com.alibaba.wasp.client.TestFromClientSide.testLoopCreateDropTable,null,0.301,0,0,0,0,0,0,0,wrongjsonfail,null,null,null
alibaba/wasp,b2593d8e4b31ca6da0cd2f3e18356338d9b6dace,.,com.alibaba.wasp.client.TestFromClientSide.testMutilColSql,null,0.311,0,0,0,0,0,0,0,wrongjsonfail,null,null,null
alibaba/wasp,b2593d8e4b31ca6da0cd2f3e18356338d9b6dace,.,com.alibaba.wasp.client.TestFromClientSide.testNormalSql,null,0.313,0,0,0,0,0,0,0,wrongjsonfail,null,null,null
alibaba/wasp,b2593d8e4b31ca6da0cd2f3e18356338d9b6dace,.,com.alibaba.wasp.client.TestFromClientSide.testQueryNext,null,0.312,0,0,0,0,0,0,0,wrongjsonfail,null,null,null
alibaba/wasp,b2593d8e4b31ca6da0cd2f3e18356338d9b6dace,.,com.alibaba.wasp.client.TestFromClientSide.testScanSql,null,0.318,0,0,0,0,0,0,0,wrongjsonfail,null,null,null
alibaba/wasp,b2593d8e4b31ca6da0cd2f3e18356338d9b6dace,.,com.alibaba.wasp.client.TestFromClientSide.testSelectNotUseIndex,null,0.31,0,0,0,0,0,0,0,wrongjsonfail,null,null,null
alibaba/wasp,b2593d8e4b31ca6da0cd2f3e18356338d9b6dace,.,com.alibaba.wasp.client.TestFromClientSide.testSpecharsValue,null,0.299,0,0,0,0,0,0,0,wrongjsonfail,null,null,null
alibaba/wasp,b2593d8e4b31ca6da0cd2f3e18356338d9b6dace,.,com.alibaba.wasp.client.TestFromClientSide.testSqlExecute,null,0.296,0,0,0,0,0,0,0,wrongjsonfail,null,null,null
alibaba/wasp,b2593d8e4b31ca6da0cd2f3e18356338d9b6dace,.,com.alibaba.wasp.client.TestFromClientSide.testUpdateNotOnlyPK,null,0.297,0,0,0,0,0,0,0,wrongjsonfail,null,null,null
alibaba/wasp,b2593d8e4b31ca6da0cd2f3e18356338d9b6dace,.,com.alibaba.wasp.client.TestFromClientSide.testUpdateNullValueColumn,null,0.297,0,0,0,0,0,0,0,wrongjsonfail,null,null,null
alibaba/wasp,b2593d8e4b31ca6da0cd2f3e18356338d9b6dace,.,com.alibaba.wasp.client.TestFromClientSide.testUpdatePK,null,0.328,0,0,0,0,0,0,0,wrongjsonfail,null,null,null
alibaba/wasp,b2593d8e4b31ca6da0cd2f3e18356338d9b6dace,.,com.alibaba.wasp.fserver.redo.TestRedoLog.testInstanceAndInitlize,null,0.288,0,0,0,0,0,0,0,wrongjsonfail,null,null,null
alibaba/wasp,b2593d8e4b31ca6da0cd2f3e18356338d9b6dace,.,com.alibaba.wasp.fserver.redo.TestRedoLog.testRedoLog,null,0.303,0,0,0,0,0,0,0,wrongjsonfail,null,null,null
alibaba/wasp,b2593d8e4b31ca6da0cd2f3e18356338d9b6dace,.,com.alibaba.wasp.fserver.TestEntityGroupOnCluster.testInsert,null,0.288,0,0,0,0,0,0,0,wrongjsonfail,null,null,null
alibaba/wasp,b2593d8e4b31ca6da0cd2f3e18356338d9b6dace,.,com.alibaba.wasp.fserver.TestEntityGroup.testBasicSplit,null,0.296,0,0,0,0,0,0,0,wrongjsonfail,null,null,null
alibaba/wasp,b2593d8e4b31ca6da0cd2f3e18356338d9b6dace,.,com.alibaba.wasp.fserver.TestEntityGroup.testMerge,null,0.3,0,0,0,0,0,0,0,wrongjsonfail,null,null,null
alibaba/wasp,b2593d8e4b31ca6da0cd2f3e18356338d9b6dace,.,com.alibaba.wasp.fserver.TestEntityGroup.testSplitEntityGroup,null,0.302,0,0,0,0,0,0,0,wrongjsonfail,null,null,null
alibaba/wasp,b2593d8e4b31ca6da0cd2f3e18356338d9b6dace,.,com.alibaba.wasp.fserver.TestSplitTransactionOnCluster.testExistingZnodeBlocksSplitAndWeRollback,null,0.288,0,0,0,0,0,0,0,wrongjsonfail,null,null,null
alibaba/wasp,b2593d8e4b31ca6da0cd2f3e18356338d9b6dace,.,com.alibaba.wasp.fserver.TestSplitTransactionOnCluster.testFSSplitEphemeralsDisappearButDaughtersAreOnlinedAfterShutdownHandling,null,0.31,0,0,0,0,0,0,0,wrongjsonfail,null,null,null
alibaba/wasp,b2593d8e4b31ca6da0cd2f3e18356338d9b6dace,.,com.alibaba.wasp.fserver.TestSplitTransactionOnCluster.testMasterRestartWhenSplittingIsPartial,null,0.317,0,0,0,0,0,0,0,wrongjsonfail,null,null,null
alibaba/wasp,b2593d8e4b31ca6da0cd2f3e18356338d9b6dace,.,com.alibaba.wasp.fserver.TestSplitTransactionOnCluster.testShutdownFixupWhenDaughterHasSplit,null,0.3,0,0,0,0,0,0,0,wrongjsonfail,null,null,null
alibaba/wasp,b2593d8e4b31ca6da0cd2f3e18356338d9b6dace,.,com.alibaba.wasp.fserver.TestSplitTransactionOnCluster.testShutdownSimpleFixup,null,0.305,0,0,0,0,0,0,0,wrongjsonfail,null,null,null
alibaba/wasp,b2593d8e4b31ca6da0cd2f3e18356338d9b6dace,.,com.alibaba.wasp.fserver.TestSplitTransactionOnCluster.testSplitBeforeSettingSplittingInZK,null,0.285,0,0,0,0,0,0,0,wrongjsonfail,null,null,null
alibaba/wasp,b2593d8e4b31ca6da0cd2f3e18356338d9b6dace,.,com.alibaba.wasp.fserver.TestSplitTransactionOnCluster.testTableExistsIfTheSpecifiedTableEntityGroupIsSplitParent,null,0.332,0,0,0,0,0,0,0,wrongjsonfail,null,null,null
alibaba/wasp,b2593d8e4b31ca6da0cd2f3e18356338d9b6dace,.,com.alibaba.wasp.fserver.TestSplitTransaction.testPrepare,null,0.296,0,0,0,0,0,0,0,wrongjsonfail,null,null,null
alibaba/wasp,b2593d8e4b31ca6da0cd2f3e18356338d9b6dace,.,com.alibaba.wasp.fserver.TestSplitTransaction.testPrepareWithBadSplitRow,null,0.292,0,0,0,0,0,0,0,wrongjsonfail,null,null,null
alibaba/wasp,b2593d8e4b31ca6da0cd2f3e18356338d9b6dace,.,com.alibaba.wasp.fserver.TestSplitTransaction.testPrepareWithClosedEntityGroup,null,0.282,0,0,0,0,0,0,0,wrongjsonfail,null,null,null
alibaba/wasp,b2593d8e4b31ca6da0cd2f3e18356338d9b6dace,.,com.alibaba.wasp.fserver.TestSplitTransaction.testRollback,null,0.285,0,0,0,0,0,0,0,wrongjsonfail,null,null,null
alibaba/wasp,b2593d8e4b31ca6da0cd2f3e18356338d9b6dace,.,com.alibaba.wasp.fserver.TestSplitTransaction.testWholesomeSplit,null,0.29,0,0,0,0,0,0,0,wrongjsonfail,null,null,null
alibaba/wasp,b2593d8e4b31ca6da0cd2f3e18356338d9b6dace,.,com.alibaba.wasp.fserver.TestTwoPhaseCommit.testTwoPhaseCommit,null,0.316,0,0,0,0,0,0,0,wrongjsonfail,null,null,null
alibaba/wasp,b2593d8e4b31ca6da0cd2f3e18356338d9b6dace,.,com.alibaba.wasp.jdbc.TestAtomicOperation.testRowMutationMultiThreads,null,0.296,0,0,0,0,0,0,0,wrongjsonfail,null,null,null
alibaba/wasp,b2593d8e4b31ca6da0cd2f3e18356338d9b6dace,.,com.alibaba.wasp.jdbc.TestJdbcConnectionPool.testConnectionSize,null,0.312,0,0,0,0,0,0,0,wrongjsonfail,null,null,null
alibaba/wasp,b2593d8e4b31ca6da0cd2f3e18356338d9b6dace,.,com.alibaba.wasp.jdbc.TestJdbcConnectionPool.testGetConnection,null,0.293,0,0,0,0,0,0,0,wrongjsonfail,null,null,null
alibaba/wasp,b2593d8e4b31ca6da0cd2f3e18356338d9b6dace,.,com.alibaba.wasp.jdbc.TestJdbcResultFormatter.testQuery,null,0.288,0,0,0,0,0,0,0,wrongjsonfail,null,null,null
alibaba/wasp,b2593d8e4b31ca6da0cd2f3e18356338d9b6dace,.,com.alibaba.wasp.jdbc.TestJdbcResultSet.testAggregateCountQuery,null,0.301,0,0,0,0,0,0,0,wrongjsonfail,null,null,null
alibaba/wasp,b2593d8e4b31ca6da0cd2f3e18356338d9b6dace,.,com.alibaba.wasp.jdbc.TestJdbcResultSet.testAggregateSumQuery,null,0.298,0,0,0,0,0,0,0,wrongjsonfail,null,null,null
alibaba/wasp,b2593d8e4b31ca6da0cd2f3e18356338d9b6dace,.,com.alibaba.wasp.jdbc.TestJdbcResultSet.testCreateIfNotExits,null,0.319,0,0,0,0,0,0,0,wrongjsonfail,null,null,null
alibaba/wasp,b2593d8e4b31ca6da0cd2f3e18356338d9b6dace,.,com.alibaba.wasp.jdbc.TestJdbcResultSet.testDatetime,null,0.292,0,0,0,0,0,0,0,wrongjsonfail,null,null,null
alibaba/wasp,b2593d8e4b31ca6da0cd2f3e18356338d9b6dace,.,com.alibaba.wasp.jdbc.TestJdbcResultSet.testDecimal,null,0.29,0,0,0,0,0,0,0,wrongjsonfail,null,null,null
alibaba/wasp,b2593d8e4b31ca6da0cd2f3e18356338d9b6dace,.,com.alibaba.wasp.jdbc.TestJdbcResultSet.testDoubleFloat,null,0.341,0,0,0,0,0,0,0,wrongjsonfail,null,null,null
alibaba/wasp,b2593d8e4b31ca6da0cd2f3e18356338d9b6dace,.,com.alibaba.wasp.jdbc.TestJdbcResultSet.testGreatEqAndLessEq,null,0.305,0,0,0,0,0,0,0,wrongjsonfail,null,null,null
alibaba/wasp,b2593d8e4b31ca6da0cd2f3e18356338d9b6dace,.,com.alibaba.wasp.jdbc.TestJdbcResultSet.testIndexContainPrimaryKey,null,0.294,0,0,0,0,0,0,0,wrongjsonfail,null,null,null
alibaba/wasp,b2593d8e4b31ca6da0cd2f3e18356338d9b6dace,.,com.alibaba.wasp.jdbc.TestJdbcResultSet.testIndexLeftMatch,null,0.301,0,0,0,0,0,0,0,wrongjsonfail,null,null,null
alibaba/wasp,b2593d8e4b31ca6da0cd2f3e18356338d9b6dace,.,com.alibaba.wasp.jdbc.TestJdbcResultSet.testIndexNameSameWithTableName,null,0.329,0,0,0,0,0,0,0,wrongjsonfail,null,null,null
alibaba/wasp,b2593d8e4b31ca6da0cd2f3e18356338d9b6dace,.,com.alibaba.wasp.jdbc.TestJdbcResultSet.testInt,null,0.3,0,0,0,0,0,0,0,wrongjsonfail,null,null,null
alibaba/wasp,b2593d8e4b31ca6da0cd2f3e18356338d9b6dace,.,com.alibaba.wasp.jdbc.TestJdbcResultSet.testLessNegativeValue,null,0.31,0,0,0,0,0,0,0,wrongjsonfail,null,null,null
alibaba/wasp,b2593d8e4b31ca6da0cd2f3e18356338d9b6dace,.,com.alibaba.wasp.jdbc.TestJdbcResultSet.testQuery,null,0.31,0,0,0,0,0,0,0,wrongjsonfail,null,null,null
alibaba/wasp,b2593d8e4b31ca6da0cd2f3e18356338d9b6dace,.,com.alibaba.wasp.jdbc.TestJdbcResultSet.testQueryLimit,null,0.303,0,0,0,0,0,0,0,wrongjsonfail,null,null,null
alibaba/wasp,b2593d8e4b31ca6da0cd2f3e18356338d9b6dace,.,com.alibaba.wasp.jdbc.TestJdbcResultSet.testRenameTable,null,0.284,0,0,0,0,0,0,0,wrongjsonfail,null,null,null
alibaba/wasp,b2593d8e4b31ca6da0cd2f3e18356338d9b6dace,.,com.alibaba.wasp.jdbc.TestJdbcResultSet.testSelectForUpdateLock,null,0.279,0,0,0,0,0,0,0,wrongjsonfail,null,null,null
alibaba/wasp,b2593d8e4b31ca6da0cd2f3e18356338d9b6dace,.,com.alibaba.wasp.jdbc.TestJdbcResultSet.testSelectNotOnlyIndex,null,0.305,0,0,0,0,0,0,0,wrongjsonfail,null,null,null
alibaba/wasp,b2593d8e4b31ca6da0cd2f3e18356338d9b6dace,.,com.alibaba.wasp.jdbc.TestJdbcResultSet.testSplitOrMoveAffectClient,null,0.302,0,0,0,0,0,0,0,wrongjsonfail,null,null,null
alibaba/wasp,b2593d8e4b31ca6da0cd2f3e18356338d9b6dace,.,com.alibaba.wasp.jdbc.TestJdbcResultSet.testStoringQuery,null,0.316,0,0,0,0,0,0,0,wrongjsonfail,null,null,null
alibaba/wasp,b2593d8e4b31ca6da0cd2f3e18356338d9b6dace,.,com.alibaba.wasp.jdbc.TestJdbcResultSet.testTransaction,null,0.3,0,0,0,0,0,0,0,wrongjsonfail,null,null,null
alibaba/wasp,b2593d8e4b31ca6da0cd2f3e18356338d9b6dace,.,com.alibaba.wasp.jdbc.TestJdbcResultSet.testVarchar,null,0.276,0,0,0,0,0,0,0,wrongjsonfail,null,null,null
alibaba/wasp,b2593d8e4b31ca6da0cd2f3e18356338d9b6dace,.,com.alibaba.wasp.jdbc.TestJdbcStatement.testStatement,null,0.289,0,0,0,0,0,0,0,wrongjsonfail,null,null,null
alibaba/wasp,b2593d8e4b31ca6da0cd2f3e18356338d9b6dace,.,com.alibaba.wasp.jdbc.TestPreparedStatement.testArray,null,0.352,0,0,0,0,0,0,0,wrongjsonfail,null,null,null
alibaba/wasp,b2593d8e4b31ca6da0cd2f3e18356338d9b6dace,.,com.alibaba.wasp.jdbc.TestPreparedStatement.testInsertQuery,null,0.285,0,0,0,0,0,0,0,wrongjsonfail,null,null,null
alibaba/wasp,b2593d8e4b31ca6da0cd2f3e18356338d9b6dace,.,com.alibaba.wasp.master.TestAssignmentManagerOnCluster.testAssignEntityGroup,null,0.33,0,0,0,0,0,0,0,wrongjsonfail,null,null,null
alibaba/wasp,b2593d8e4b31ca6da0cd2f3e18356338d9b6dace,.,com.alibaba.wasp.master.TestAssignmentManagerOnCluster.testMoveEntityGroup,null,0.311,0,0,0,0,0,0,0,wrongjsonfail,null,null,null
alibaba/wasp,b2593d8e4b31ca6da0cd2f3e18356338d9b6dace,.,com.alibaba.wasp.master.TestAssignmentManagerOnCluster.testOfflineEntityGroup,null,0.322,0,0,0,0,0,0,0,wrongjsonfail,null,null,null
alibaba/wasp,b2593d8e4b31ca6da0cd2f3e18356338d9b6dace,.,com.alibaba.wasp.master.TestMaster.testMasterOpsWhileSplitting,null,0.292,0,0,0,0,0,0,0,wrongjsonfail,null,null,null
alibaba/wasp,b2593d8e4b31ca6da0cd2f3e18356338d9b6dace,.,com.alibaba.wasp.messagequeue.TestPublisher.testPublisher,null,0.309,0,0,0,0,0,0,0,wrongjsonfail,null,null,null
alibaba/wasp,b2593d8e4b31ca6da0cd2f3e18356338d9b6dace,.,com.alibaba.wasp.messagequeue.TestSubscriber.testReceive,null,0.302,0,0,0,0,0,0,0,wrongjsonfail,null,null,null
alibaba/wasp,b2593d8e4b31ca6da0cd2f3e18356338d9b6dace,.,com.alibaba.wasp.meta.TestFMetaStore.testAddEntityGroup,null,0.328,0,0,0,0,0,0,0,wrongjsonfail,null,null,null
alibaba/wasp,b2593d8e4b31ca6da0cd2f3e18356338d9b6dace,.,com.alibaba.wasp.meta.TestFMetaStore.testAlterTable,null,0.312,0,0,0,0,0,0,0,wrongjsonfail,null,null,null
alibaba/wasp,b2593d8e4b31ca6da0cd2f3e18356338d9b6dace,.,com.alibaba.wasp.meta.TestFMetaStore.testCheckAndInit,null,0.298,0,0,0,0,0,0,0,wrongjsonfail,null,null,null
alibaba/wasp,b2593d8e4b31ca6da0cd2f3e18356338d9b6dace,.,com.alibaba.wasp.meta.TestFMetaStore.testClean,null,0.327,0,0,0,0,0,0,0,wrongjsonfail,null,null,null
alibaba/wasp,b2593d8e4b31ca6da0cd2f3e18356338d9b6dace,.,com.alibaba.wasp.meta.TestFMetaStore.testCreateTable,null,0.298,0,0,0,0,0,0,0,wrongjsonfail,null,null,null
alibaba/wasp,b2593d8e4b31ca6da0cd2f3e18356338d9b6dace,.,com.alibaba.wasp.meta.TestFMetaStore.testDropTable,null,0.288,0,0,0,0,0,0,0,wrongjsonfail,null,null,null
alibaba/wasp,b2593d8e4b31ca6da0cd2f3e18356338d9b6dace,.,com.alibaba.wasp.meta.TestFMetaStore.testEntityGroup,null,0.311,0,0,0,0,0,0,0,wrongjsonfail,null,null,null
alibaba/wasp,b2593d8e4b31ca6da0cd2f3e18356338d9b6dace,.,com.alibaba.wasp.meta.TestFMetaStore.testFullScan,null,0.32,0,0,0,0,0,0,0,wrongjsonfail,null,null,null
alibaba/wasp,b2593d8e4b31ca6da0cd2f3e18356338d9b6dace,.,com.alibaba.wasp.meta.TestFMetaStore.testGetAllTables,null,0.313,0,0,0,0,0,0,0,wrongjsonfail,null,null,null
alibaba/wasp,b2593d8e4b31ca6da0cd2f3e18356338d9b6dace,.,com.alibaba.wasp.meta.TestFMetaStore.testGetChildTables,null,0.289,0,0,0,0,0,0,0,wrongjsonfail,null,null,null
alibaba/wasp,b2593d8e4b31ca6da0cd2f3e18356338d9b6dace,.,com.alibaba.wasp.meta.TestFMetaStore.testIndex,null,0.315,0,0,0,0,0,0,0,wrongjsonfail,null,null,null
alibaba/wasp,b2593d8e4b31ca6da0cd2f3e18356338d9b6dace,.,com.alibaba.wasp.meta.TestFMetaStore.testIsTableAvailable,null,0.296,0,0,0,0,0,0,0,wrongjsonfail,null,null,null
alibaba/wasp,b2593d8e4b31ca6da0cd2f3e18356338d9b6dace,.,com.alibaba.wasp.meta.TestFMetaStore.testModifyEntityGroup,null,0.31,0,0,0,0,0,0,0,wrongjsonfail,null,null,null
alibaba/wasp,b2593d8e4b31ca6da0cd2f3e18356338d9b6dace,.,com.alibaba.wasp.meta.TestStorageCleanChore.testCleanChore,null,0.317,0,0,0,0,0,0,0,wrongjsonfail,null,null,null
alibaba/wasp,b2593d8e4b31ca6da0cd2f3e18356338d9b6dace,.,com.alibaba.wasp.plan.execute.TestExecutionEngine.testExecDeletePlan,null,0.308,0,0,0,0,0,0,0,wrongjsonfail,null,null,null
alibaba/wasp,b2593d8e4b31ca6da0cd2f3e18356338d9b6dace,.,com.alibaba.wasp.plan.execute.TestExecutionEngine.testExecInsertPlan,null,0.28,0,0,0,0,0,0,0,wrongjsonfail,null,null,null
alibaba/wasp,b2593d8e4b31ca6da0cd2f3e18356338d9b6dace,.,com.alibaba.wasp.plan.execute.TestExecutionEngine.testExecQueryPlan,null,0.325,0,0,0,0,0,0,0,wrongjsonfail,null,null,null
alibaba/wasp,b2593d8e4b31ca6da0cd2f3e18356338d9b6dace,.,com.alibaba.wasp.plan.execute.TestExecutionEngine.testExecUpdatePlan,null,0.303,0,0,0,0,0,0,0,wrongjsonfail,null,null,null
alibaba/wasp,b2593d8e4b31ca6da0cd2f3e18356338d9b6dace,.,com.alibaba.wasp.plan.execute.TestExecutionEngine.testQueryNext,null,0.324,0,0,0,0,0,0,0,wrongjsonfail,null,null,null
