apache/hive,54e43339dd671018fc70ebb5d9f0b292d70391a6,llap-tez,org.apache.hadoop.hive.llap.tezplugins.TestLlapTaskSchedulerService.testChangeGuaranteedTotal
apache/hive,54e43339dd671018fc70ebb5d9f0b292d70391a6,llap-tez,org.apache.hadoop.hive.llap.tezplugins.TestLlapTaskSchedulerService.testConcurrentUpdates
apache/hive,54e43339dd671018fc70ebb5d9f0b292d70391a6,llap-tez,org.apache.hadoop.hive.llap.tezplugins.TestLlapTaskSchedulerService.testConcurrentUpdateWithError
apache/hive,54e43339dd671018fc70ebb5d9f0b292d70391a6,llap-tez,org.apache.hadoop.hive.llap.tezplugins.TestLlapTaskSchedulerService.testDelayedLocalityFallbackToNonLocal
apache/hive,54e43339dd671018fc70ebb5d9f0b292d70391a6,llap-tez,org.apache.hadoop.hive.llap.tezplugins.TestLlapTaskSchedulerService.testDelayedLocalityNodeCommErrorDelayedAllocation
apache/hive,54e43339dd671018fc70ebb5d9f0b292d70391a6,llap-tez,org.apache.hadoop.hive.llap.tezplugins.TestLlapTaskSchedulerService.testDelayedLocalityNodeCommErrorImmediateAllocation
apache/hive,54e43339dd671018fc70ebb5d9f0b292d70391a6,llap-tez,org.apache.hadoop.hive.llap.tezplugins.TestLlapTaskSchedulerService.testDelayedQueeTaskSelectionAfterScheduled
apache/hive,54e43339dd671018fc70ebb5d9f0b292d70391a6,llap-tez,org.apache.hadoop.hive.llap.tezplugins.TestLlapTaskSchedulerService.testForcedLocalityMultiplePreemptionsSameHost2
apache/hive,54e43339dd671018fc70ebb5d9f0b292d70391a6,llap-tez,org.apache.hadoop.hive.llap.tezplugins.TestLlapTaskSchedulerService.testGuaranteedScheduling
apache/hive,54e43339dd671018fc70ebb5d9f0b292d70391a6,llap-tez,org.apache.hadoop.hive.llap.tezplugins.TestLlapTaskSchedulerService.testHeartbeatInconsistency
apache/hive,54e43339dd671018fc70ebb5d9f0b292d70391a6,llap-tez,org.apache.hadoop.hive.llap.tezplugins.TestLlapTaskSchedulerService.testHostPreferenceMissesConsistentPartialAlive
apache/hive,54e43339dd671018fc70ebb5d9f0b292d70391a6,llap-tez,org.apache.hadoop.hive.llap.tezplugins.TestLlapTaskSchedulerService.testHostPreferenceMissesConsistentRollover
apache/hive,54e43339dd671018fc70ebb5d9f0b292d70391a6,llap-tez,org.apache.hadoop.hive.llap.tezplugins.TestLlapTaskSchedulerService.testNodeReEnabled
apache/hive,54e43339dd671018fc70ebb5d9f0b292d70391a6,llap-tez,org.apache.hadoop.hive.llap.tezplugins.TestLlapTaskSchedulerService.testPreemptionChoiceTimeOrdering
apache/hive,54e43339dd671018fc70ebb5d9f0b292d70391a6,llap-tez,org.apache.hadoop.hive.llap.tezplugins.TestLlapTaskSchedulerService.testSimpleLocalAllocation
apache/hive,54e43339dd671018fc70ebb5d9f0b292d70391a6,llap-tez,org.apache.hadoop.hive.llap.tezplugins.TestLlapTaskSchedulerService.testSimpleNoLocalityAllocation
apache/hive,54e43339dd671018fc70ebb5d9f0b292d70391a6,llap-tez,org.apache.hadoop.hive.llap.tezplugins.TestLlapTaskSchedulerService.testUpdateWithError
apache/hive,54e43339dd671018fc70ebb5d9f0b292d70391a6,serde,org.apache.hadoop.hive.serde2.avro.TestAvroDeserializer.canDeserializeTimestamps
apache/hive,54e43339dd671018fc70ebb5d9f0b292d70391a6,serde,org.apache.hadoop.hive.serde2.objectinspector.TestObjectInspectorUtils.testBucketHashGeneration
