json-iterator/java,6925cf4c19d313504b416f58a349a36bf563e0e1,.,com.jsoniter.extra.TestPreciseFloat.test_direct_encode
json-iterator/java,6925cf4c19d313504b416f58a349a36bf563e0e1,.,com.jsoniter.extra.TestPreciseFloat.test_indirect_encode
json-iterator/java,6925cf4c19d313504b416f58a349a36bf563e0e1,.,com.jsoniter.IterImplForStreamingTest.testLoadMore
json-iterator/java,6925cf4c19d313504b416f58a349a36bf563e0e1,.,com.jsoniter.output.TestObject.test_omit_selft_defined
json-iterator/java,6925cf4c19d313504b416f58a349a36bf563e0e1,.,com.jsoniter.output.TestObject.test_transient_field_getter
json-iterator/java,6925cf4c19d313504b416f58a349a36bf563e0e1,.,com.jsoniter.TestBoolean.test_streaming
json-iterator/java,6925cf4c19d313504b416f58a349a36bf563e0e1,.,com.jsoniter.TestFloat.test_streaming
json-iterator/java,6925cf4c19d313504b416f58a349a36bf563e0e1,.,com.jsoniter.TestInteger.test_streaming
json-iterator/java,6925cf4c19d313504b416f58a349a36bf563e0e1,.,com.jsoniter.TestIO.test_read_byte
json-iterator/java,6925cf4c19d313504b416f58a349a36bf563e0e1,.,com.jsoniter.TestIO.test_read_bytes
json-iterator/java,6925cf4c19d313504b416f58a349a36bf563e0e1,.,com.jsoniter.TestIO.test_unread_byte
json-iterator/java,6925cf4c19d313504b416f58a349a36bf563e0e1,.,com.jsoniter.TestMap.test_MapKeyCodec
json-iterator/java,6925cf4c19d313504b416f58a349a36bf563e0e1,.,com.jsoniter.TestObject.test_inheritance
json-iterator/java,6925cf4c19d313504b416f58a349a36bf563e0e1,.,com.jsoniter.TestReadAny.test_read_any_in_streaming
json-iterator/java,6925cf4c19d313504b416f58a349a36bf563e0e1,.,com.jsoniter.TestSkip.test_skip_string_streaming
json-iterator/java,6925cf4c19d313504b416f58a349a36bf563e0e1,.,com.jsoniter.TestString.test_long_string_in_streaming
json-iterator/java,6925cf4c19d313504b416f58a349a36bf563e0e1,.,com.jsoniter.TestString.test_normal_escape
json-iterator/java,6925cf4c19d313504b416f58a349a36bf563e0e1,.,com.jsoniter.TestString.test_string_across_buffer
json-iterator/java,6925cf4c19d313504b416f58a349a36bf563e0e1,.,com.jsoniter.TestString.test_unicode_escape
json-iterator/java,6925cf4c19d313504b416f58a349a36bf563e0e1,.,com.jsoniter.TestString.test_utf8
