j256/ormlite-core,632b87c2a455b8eab4a6c09324e1f166273588d8,.,com.j256.ormlite.dao.RuntimeExceptionDaoTest.testAssignEmptyForeignCollectionThrow
j256/ormlite-core,632b87c2a455b8eab4a6c09324e1f166273588d8,.,com.j256.ormlite.dao.RuntimeExceptionDaoTest.testCallBatchTasksThrow
j256/ormlite-core,632b87c2a455b8eab4a6c09324e1f166273588d8,.,com.j256.ormlite.dao.RuntimeExceptionDaoTest.testCloseLastIteratorThrow
j256/ormlite-core,632b87c2a455b8eab4a6c09324e1f166273588d8,.,com.j256.ormlite.dao.RuntimeExceptionDaoTest.testCloseLastIteratorThrows
j256/ormlite-core,632b87c2a455b8eab4a6c09324e1f166273588d8,.,com.j256.ormlite.dao.RuntimeExceptionDaoTest.testCommitThrows
j256/ormlite-core,632b87c2a455b8eab4a6c09324e1f166273588d8,.,com.j256.ormlite.dao.RuntimeExceptionDaoTest.testCountOfPreparedThrow
j256/ormlite-core,632b87c2a455b8eab4a6c09324e1f166273588d8,.,com.j256.ormlite.dao.RuntimeExceptionDaoTest.testCountOfThrow
j256/ormlite-core,632b87c2a455b8eab4a6c09324e1f166273588d8,.,com.j256.ormlite.dao.RuntimeExceptionDaoTest.testCreateCollectionThrow
j256/ormlite-core,632b87c2a455b8eab4a6c09324e1f166273588d8,.,com.j256.ormlite.dao.RuntimeExceptionDaoTest.testCreateIfNotExistsThrow
j256/ormlite-core,632b87c2a455b8eab4a6c09324e1f166273588d8,.,com.j256.ormlite.dao.RuntimeExceptionDaoTest.testCreateObjectInstanceThrows
j256/ormlite-core,632b87c2a455b8eab4a6c09324e1f166273588d8,.,com.j256.ormlite.dao.RuntimeExceptionDaoTest.testCreateOrUpdateThrow
j256/ormlite-core,632b87c2a455b8eab4a6c09324e1f166273588d8,.,com.j256.ormlite.dao.RuntimeExceptionDaoTest.testCreateThrow
j256/ormlite-core,632b87c2a455b8eab4a6c09324e1f166273588d8,.,com.j256.ormlite.dao.RuntimeExceptionDaoTest.testDeleteByIdThrow
j256/ormlite-core,632b87c2a455b8eab4a6c09324e1f166273588d8,.,com.j256.ormlite.dao.RuntimeExceptionDaoTest.testDeleteCollectionThrow
j256/ormlite-core,632b87c2a455b8eab4a6c09324e1f166273588d8,.,com.j256.ormlite.dao.RuntimeExceptionDaoTest.testDeleteIdsThrow
j256/ormlite-core,632b87c2a455b8eab4a6c09324e1f166273588d8,.,com.j256.ormlite.dao.RuntimeExceptionDaoTest.testDeletePreparedThrow
j256/ormlite-core,632b87c2a455b8eab4a6c09324e1f166273588d8,.,com.j256.ormlite.dao.RuntimeExceptionDaoTest.testDeleteThrow
j256/ormlite-core,632b87c2a455b8eab4a6c09324e1f166273588d8,.,com.j256.ormlite.dao.RuntimeExceptionDaoTest.testEndThreadConnectionThrows
j256/ormlite-core,632b87c2a455b8eab4a6c09324e1f166273588d8,.,com.j256.ormlite.dao.RuntimeExceptionDaoTest.testExecuteRawNoArgsThrow
j256/ormlite-core,632b87c2a455b8eab4a6c09324e1f166273588d8,.,com.j256.ormlite.dao.RuntimeExceptionDaoTest.testExecuteRawThrow
j256/ormlite-core,632b87c2a455b8eab4a6c09324e1f166273588d8,.,com.j256.ormlite.dao.RuntimeExceptionDaoTest.testExtractIdThrow
j256/ormlite-core,632b87c2a455b8eab4a6c09324e1f166273588d8,.,com.j256.ormlite.dao.RuntimeExceptionDaoTest.testGetEmptyForeignCollectionThrow
j256/ormlite-core,632b87c2a455b8eab4a6c09324e1f166273588d8,.,com.j256.ormlite.dao.RuntimeExceptionDaoTest.testGetSelectStarRowMapperThrow
j256/ormlite-core,632b87c2a455b8eab4a6c09324e1f166273588d8,.,com.j256.ormlite.dao.RuntimeExceptionDaoTest.testIdExistsThrows
j256/ormlite-core,632b87c2a455b8eab4a6c09324e1f166273588d8,.,com.j256.ormlite.dao.RuntimeExceptionDaoTest.testIsAutoCommitThrows
j256/ormlite-core,632b87c2a455b8eab4a6c09324e1f166273588d8,.,com.j256.ormlite.dao.RuntimeExceptionDaoTest.testIsTableExistsThrow
j256/ormlite-core,632b87c2a455b8eab4a6c09324e1f166273588d8,.,com.j256.ormlite.dao.RuntimeExceptionDaoTest.testIteratorQueryFlags
j256/ormlite-core,632b87c2a455b8eab4a6c09324e1f166273588d8,.,com.j256.ormlite.dao.RuntimeExceptionDaoTest.testIteratorThrow
j256/ormlite-core,632b87c2a455b8eab4a6c09324e1f166273588d8,.,com.j256.ormlite.dao.RuntimeExceptionDaoTest.testMapSelectStarRowThrow
j256/ormlite-core,632b87c2a455b8eab4a6c09324e1f166273588d8,.,com.j256.ormlite.dao.RuntimeExceptionDaoTest.testObjectsEqualThrow
j256/ormlite-core,632b87c2a455b8eab4a6c09324e1f166273588d8,.,com.j256.ormlite.dao.RuntimeExceptionDaoTest.testQueryForAllThrow
j256/ormlite-core,632b87c2a455b8eab4a6c09324e1f166273588d8,.,com.j256.ormlite.dao.RuntimeExceptionDaoTest.testQueryForEqThrow
j256/ormlite-core,632b87c2a455b8eab4a6c09324e1f166273588d8,.,com.j256.ormlite.dao.RuntimeExceptionDaoTest.testQueryForFieldsValuesArgsThrow
j256/ormlite-core,632b87c2a455b8eab4a6c09324e1f166273588d8,.,com.j256.ormlite.dao.RuntimeExceptionDaoTest.testQueryForFieldsValuesThrow
j256/ormlite-core,632b87c2a455b8eab4a6c09324e1f166273588d8,.,com.j256.ormlite.dao.RuntimeExceptionDaoTest.testQueryForFirstPreparedThrow
j256/ormlite-core,632b87c2a455b8eab4a6c09324e1f166273588d8,.,com.j256.ormlite.dao.RuntimeExceptionDaoTest.testQueryForIdThrow
j256/ormlite-core,632b87c2a455b8eab4a6c09324e1f166273588d8,.,com.j256.ormlite.dao.RuntimeExceptionDaoTest.testQueryForMatchingArgsThrow
j256/ormlite-core,632b87c2a455b8eab4a6c09324e1f166273588d8,.,com.j256.ormlite.dao.RuntimeExceptionDaoTest.testQueryForMatchingThrow
j256/ormlite-core,632b87c2a455b8eab4a6c09324e1f166273588d8,.,com.j256.ormlite.dao.RuntimeExceptionDaoTest.testQueryForSameIdThrow
j256/ormlite-core,632b87c2a455b8eab4a6c09324e1f166273588d8,.,com.j256.ormlite.dao.RuntimeExceptionDaoTest.testQueryRawDatatypesThrows
j256/ormlite-core,632b87c2a455b8eab4a6c09324e1f166273588d8,.,com.j256.ormlite.dao.RuntimeExceptionDaoTest.testQueryRawDateTypesThrow
j256/ormlite-core,632b87c2a455b8eab4a6c09324e1f166273588d8,.,com.j256.ormlite.dao.RuntimeExceptionDaoTest.testQueryRawMapperThrows
j256/ormlite-core,632b87c2a455b8eab4a6c09324e1f166273588d8,.,com.j256.ormlite.dao.RuntimeExceptionDaoTest.testQueryRawRowMapperThrow
j256/ormlite-core,632b87c2a455b8eab4a6c09324e1f166273588d8,.,com.j256.ormlite.dao.RuntimeExceptionDaoTest.testQueryRawThrow
j256/ormlite-core,632b87c2a455b8eab4a6c09324e1f166273588d8,.,com.j256.ormlite.dao.RuntimeExceptionDaoTest.testQueryRawValueThrow
j256/ormlite-core,632b87c2a455b8eab4a6c09324e1f166273588d8,.,com.j256.ormlite.dao.RuntimeExceptionDaoTest.testQueryThrow
j256/ormlite-core,632b87c2a455b8eab4a6c09324e1f166273588d8,.,com.j256.ormlite.dao.RuntimeExceptionDaoTest.testRefreshThrow
j256/ormlite-core,632b87c2a455b8eab4a6c09324e1f166273588d8,.,com.j256.ormlite.dao.RuntimeExceptionDaoTest.testRollbackThrows
j256/ormlite-core,632b87c2a455b8eab4a6c09324e1f166273588d8,.,com.j256.ormlite.dao.RuntimeExceptionDaoTest.testSetAutoCommitThrows
j256/ormlite-core,632b87c2a455b8eab4a6c09324e1f166273588d8,.,com.j256.ormlite.dao.RuntimeExceptionDaoTest.testSetObjectCacheCacheThrow
j256/ormlite-core,632b87c2a455b8eab4a6c09324e1f166273588d8,.,com.j256.ormlite.dao.RuntimeExceptionDaoTest.testSetObjectCacheThrow
j256/ormlite-core,632b87c2a455b8eab4a6c09324e1f166273588d8,.,com.j256.ormlite.dao.RuntimeExceptionDaoTest.testStartThreadConnectionThrows
j256/ormlite-core,632b87c2a455b8eab4a6c09324e1f166273588d8,.,com.j256.ormlite.dao.RuntimeExceptionDaoTest.testUpdateIdThrow
j256/ormlite-core,632b87c2a455b8eab4a6c09324e1f166273588d8,.,com.j256.ormlite.dao.RuntimeExceptionDaoTest.testUpdatePreparedThrow
j256/ormlite-core,632b87c2a455b8eab4a6c09324e1f166273588d8,.,com.j256.ormlite.dao.RuntimeExceptionDaoTest.testUpdateRawThrow
j256/ormlite-core,632b87c2a455b8eab4a6c09324e1f166273588d8,.,com.j256.ormlite.dao.RuntimeExceptionDaoTest.testUpdateThrow
j256/ormlite-core,632b87c2a455b8eab4a6c09324e1f166273588d8,.,com.j256.ormlite.db.BaseDatabaseTypeTest.testDriverNotFound
j256/ormlite-core,632b87c2a455b8eab4a6c09324e1f166273588d8,.,com.j256.ormlite.misc.TransactionManagerTest.testConnectionLeakCreateList
j256/ormlite-core,632b87c2a455b8eab4a6c09324e1f166273588d8,.,com.j256.ormlite.misc.TransactionManagerTest.testDaoTransactionManagerCommitted
j256/ormlite-core,632b87c2a455b8eab4a6c09324e1f166273588d8,.,com.j256.ormlite.misc.TransactionManagerTest.testNestedTransactions
j256/ormlite-core,632b87c2a455b8eab4a6c09324e1f166273588d8,.,com.j256.ormlite.misc.TransactionManagerTest.testNestedTransactionsReleaseFails
j256/ormlite-core,632b87c2a455b8eab4a6c09324e1f166273588d8,.,com.j256.ormlite.misc.TransactionManagerTest.testNonRuntimeExceptionWiredRollBack
j256/ormlite-core,632b87c2a455b8eab4a6c09324e1f166273588d8,.,com.j256.ormlite.misc.TransactionManagerTest.testRollBack
j256/ormlite-core,632b87c2a455b8eab4a6c09324e1f166273588d8,.,com.j256.ormlite.misc.TransactionManagerTest.testSpringWiredRollBack
j256/ormlite-core,632b87c2a455b8eab4a6c09324e1f166273588d8,.,com.j256.ormlite.misc.TransactionManagerTest.testTransactionManager
j256/ormlite-core,632b87c2a455b8eab4a6c09324e1f166273588d8,.,com.j256.ormlite.misc.TransactionManagerTest.testTransactionManagerAutoCommitOn
j256/ormlite-core,632b87c2a455b8eab4a6c09324e1f166273588d8,.,com.j256.ormlite.misc.TransactionManagerTest.testTransactionManagerAutoCommitSupported
j256/ormlite-core,632b87c2a455b8eab4a6c09324e1f166273588d8,.,com.j256.ormlite.misc.TransactionManagerTest.testTransactionManagerRollback
j256/ormlite-core,632b87c2a455b8eab4a6c09324e1f166273588d8,.,com.j256.ormlite.misc.TransactionManagerTest.testTransactionManagerRollbackNullSavePoint
j256/ormlite-core,632b87c2a455b8eab4a6c09324e1f166273588d8,.,com.j256.ormlite.misc.TransactionManagerTest.testTransactionManagerRollbackOtherException
j256/ormlite-core,632b87c2a455b8eab4a6c09324e1f166273588d8,.,com.j256.ormlite.misc.TransactionManagerTest.testTransactionManagerSavePointNull
j256/ormlite-core,632b87c2a455b8eab4a6c09324e1f166273588d8,.,com.j256.ormlite.misc.TransactionManagerTest.testTransactionManagerTableName
j256/ormlite-core,632b87c2a455b8eab4a6c09324e1f166273588d8,.,com.j256.ormlite.misc.TransactionManagerTest.testTransactionWithinTransaction
j256/ormlite-core,632b87c2a455b8eab4a6c09324e1f166273588d8,.,com.j256.ormlite.misc.TransactionManagerTest.testTransactionWithinTransactionFails
j256/ormlite-core,632b87c2a455b8eab4a6c09324e1f166273588d8,.,com.j256.ormlite.stmt.QueryBuilderWithSchemaTest.testQueryRawColumnsNotQuery
j256/ormlite-core,632b87c2a455b8eab4a6c09324e1f166273588d8,.,com.j256.ormlite.stmt.StatementExecutorTest.testCallBatchTasksNestedInTransaction
j256/ormlite-core,632b87c2a455b8eab4a6c09324e1f166273588d8,.,com.j256.ormlite.support.BaseConnectionSourceTest.testClearDifferentConnection
j256/ormlite-core,632b87c2a455b8eab4a6c09324e1f166273588d8,.,com.j256.ormlite.support.BaseConnectionSourceTest.testClearNone
j256/ormlite-core,632b87c2a455b8eab4a6c09324e1f166273588d8,.,com.j256.ormlite.support.DatabaseConnectionProxyFactoryTest.testBasic
j256/ormlite-core,632b87c2a455b8eab4a6c09324e1f166273588d8,.,com.j256.ormlite.support.DatabaseConnectionProxyFactoryTest.testChangeInsertValue
j256/ormlite-core,632b87c2a455b8eab4a6c09324e1f166273588d8,.,com.j256.ormlite.table.SchemaUtilsTest.testCreateIfNotExists
j256/ormlite-core,632b87c2a455b8eab4a6c09324e1f166273588d8,.,com.j256.ormlite.table.SchemaUtilsTest.testCreateSchema
j256/ormlite-core,632b87c2a455b8eab4a6c09324e1f166273588d8,.,com.j256.ormlite.table.SchemaUtilsTest.testCreateSchemaDao
j256/ormlite-core,632b87c2a455b8eab4a6c09324e1f166273588d8,.,com.j256.ormlite.table.SchemaUtilsTest.testCreateSchemaName
j256/ormlite-core,632b87c2a455b8eab4a6c09324e1f166273588d8,.,com.j256.ormlite.table.SchemaUtilsTest.testDropSchema
j256/ormlite-core,632b87c2a455b8eab4a6c09324e1f166273588d8,.,com.j256.ormlite.table.SchemaUtilsTest.testDropSchemaThrow
j256/ormlite-core,632b87c2a455b8eab4a6c09324e1f166273588d8,.,com.j256.ormlite.table.TableUtilsTest.testMissingCreate
