jenkinsci/remoting,abf0455a68ad6c52a57e912bb89d51f883f77542,.,hudson.remoting.ClassFilterTest.capabilityRead
jenkinsci/remoting,abf0455a68ad6c52a57e912bb89d51f883f77542,.,hudson.remoting.ClassFilterTest.transport_chunking
jenkinsci/remoting,abf0455a68ad6c52a57e912bb89d51f883f77542,.,hudson.remoting.ClassFilterTest.transport_nio
jenkinsci/remoting,abf0455a68ad6c52a57e912bb89d51f883f77542,.,hudson.remoting.ClassFilterTest.transport_non_chunking
jenkinsci/remoting,abf0455a68ad6c52a57e912bb89d51f883f77542,.,hudson.remoting.ClassFilterTest.userRequest
jenkinsci/remoting,abf0455a68ad6c52a57e912bb89d51f883f77542,.,hudson.remoting.ClassFilterTest.userRequest_singleClassLoader
jenkinsci/remoting,abf0455a68ad6c52a57e912bb89d51f883f77542,.,hudson.remoting.DefaultClassFilterTest.testDefaultsNoOverride
jenkinsci/remoting,abf0455a68ad6c52a57e912bb89d51f883f77542,.,hudson.remoting.DefaultClassFilterTest.testDefaultsOverrideExists
jenkinsci/remoting,abf0455a68ad6c52a57e912bb89d51f883f77542,.,hudson.remoting.DiagnosedStreamCorruptionExceptionTest.blockingStreamShouldNotPreventDiagnosis
jenkinsci/remoting,abf0455a68ad6c52a57e912bb89d51f883f77542,.,hudson.remoting.DiagnosedStreamCorruptionExceptionTest.exercise
