Thomas-S-B/visualee,88732d9dbe5031dad9c9f85a4c4b35e5f1551f95,.,de.strullerbaumann.visualee.dependency.boundary.DependencyContainerTest.testFindAllDependenciesWith
Thomas-S-B/visualee,88732d9dbe5031dad9c9f85a4c4b35e5f1551f95,.,de.strullerbaumann.visualee.dependency.boundary.DependencyContainerTest.testGetRelevantClassesDirectlyConnected
Thomas-S-B/visualee,88732d9dbe5031dad9c9f85a4c4b35e5f1551f95,.,de.strullerbaumann.visualee.dependency.boundary.DependencyContainerTest.testGetRelevantClassesFilter
Thomas-S-B/visualee,88732d9dbe5031dad9c9f85a4c4b35e5f1551f95,.,de.strullerbaumann.visualee.examiner.cdi.ExaminerEJBTest.testFindAndSetAttributesEJBSetterWithAnnotations
Thomas-S-B/visualee,88732d9dbe5031dad9c9f85a4c4b35e5f1551f95,.,de.strullerbaumann.visualee.examiner.cdi.ExaminerEJBTest.testFindAndSetAttributesEJBWithParameter
Thomas-S-B/visualee,88732d9dbe5031dad9c9f85a4c4b35e5f1551f95,.,de.strullerbaumann.visualee.examiner.cdi.ExaminerEJBTest.testFindAndSetAttributesSetEJB
Thomas-S-B/visualee,88732d9dbe5031dad9c9f85a4c4b35e5f1551f95,.,de.strullerbaumann.visualee.examiner.cdi.ExaminerEJBTest.testFindAndSetAttributesSetEJBPackageView
Thomas-S-B/visualee,88732d9dbe5031dad9c9f85a4c4b35e5f1551f95,.,de.strullerbaumann.visualee.examiner.cdi.ExaminerEventTest.testFindAndSetAttributesSetInstance
Thomas-S-B/visualee,88732d9dbe5031dad9c9f85a4c4b35e5f1551f95,.,de.strullerbaumann.visualee.examiner.cdi.ExaminerEventTest.testFindEvents
Thomas-S-B/visualee,88732d9dbe5031dad9c9f85a4c4b35e5f1551f95,.,de.strullerbaumann.visualee.examiner.cdi.ExaminerInjectTest.testFindAndSetAttributesInjectSetterWithAnnotations
Thomas-S-B/visualee,88732d9dbe5031dad9c9f85a4c4b35e5f1551f95,.,de.strullerbaumann.visualee.examiner.cdi.ExaminerInjectTest.testFindAndSetAttributesSetInject
Thomas-S-B/visualee,88732d9dbe5031dad9c9f85a4c4b35e5f1551f95,.,de.strullerbaumann.visualee.examiner.cdi.ExaminerInjectTest.testFindEventNamedClass
Thomas-S-B/visualee,88732d9dbe5031dad9c9f85a4c4b35e5f1551f95,.,de.strullerbaumann.visualee.examiner.cdi.ExaminerInstanceTest.testFindAndSetAttributesSetInstance
Thomas-S-B/visualee,88732d9dbe5031dad9c9f85a4c4b35e5f1551f95,.,de.strullerbaumann.visualee.examiner.cdi.ExaminerInstanceTest.testFindAndSetAttributesSetInstanceGeneric
Thomas-S-B/visualee,88732d9dbe5031dad9c9f85a4c4b35e5f1551f95,.,de.strullerbaumann.visualee.examiner.cdi.ExaminerObservesTest.testFindAndSetAttributesObserves
Thomas-S-B/visualee,88732d9dbe5031dad9c9f85a4c4b35e5f1551f95,.,de.strullerbaumann.visualee.examiner.cdi.ExaminerObservesTest.testObservesAnnotated
Thomas-S-B/visualee,88732d9dbe5031dad9c9f85a4c4b35e5f1551f95,.,de.strullerbaumann.visualee.examiner.cdi.ExaminerObservesTest.testObservesDuring
Thomas-S-B/visualee,88732d9dbe5031dad9c9f85a4c4b35e5f1551f95,.,de.strullerbaumann.visualee.examiner.cdi.ExaminerObservesTest.testObservesNotify
Thomas-S-B/visualee,88732d9dbe5031dad9c9f85a4c4b35e5f1551f95,.,de.strullerbaumann.visualee.examiner.cdi.ExaminerObservesTest.testObservesWithPhases
Thomas-S-B/visualee,88732d9dbe5031dad9c9f85a4c4b35e5f1551f95,.,de.strullerbaumann.visualee.examiner.cdi.ExaminerProducesTest.testFindAndSetAttributesProduces
Thomas-S-B/visualee,88732d9dbe5031dad9c9f85a4c4b35e5f1551f95,.,de.strullerbaumann.visualee.examiner.cdi.ExaminerProducesTest.testFindAndSetAttributesStaticProduces
Thomas-S-B/visualee,88732d9dbe5031dad9c9f85a4c4b35e5f1551f95,.,de.strullerbaumann.visualee.examiner.cdi.ExaminerResourceTest.testFindAndSetAttributesResource
Thomas-S-B/visualee,88732d9dbe5031dad9c9f85a4c4b35e5f1551f95,.,de.strullerbaumann.visualee.examiner.cdi.ExaminerResourceTest.testFindAndSetAttributesResourceInstance
Thomas-S-B/visualee,88732d9dbe5031dad9c9f85a4c4b35e5f1551f95,.,de.strullerbaumann.visualee.examiner.cdi.ExaminerResourceTest.testFindAndSetAttributesResourceMappedName
Thomas-S-B/visualee,88732d9dbe5031dad9c9f85a4c4b35e5f1551f95,.,de.strullerbaumann.visualee.examiner.JavaSourceInspectorTest.testFindAndSetAttributesIgnoreCommentBlocks
Thomas-S-B/visualee,88732d9dbe5031dad9c9f85a4c4b35e5f1551f95,.,de.strullerbaumann.visualee.examiner.JavaSourceInspectorTest.testFindAndSetAttributesIgnoreComments
Thomas-S-B/visualee,88732d9dbe5031dad9c9f85a4c4b35e5f1551f95,.,de.strullerbaumann.visualee.examiner.JavaSourceInspectorTest.testSetGroupNrs
Thomas-S-B/visualee,88732d9dbe5031dad9c9f85a4c4b35e5f1551f95,.,de.strullerbaumann.visualee.examiner.jpa.JPAExaminerTest.testFindAndSetAttributesIgnoreCommentBlocks
Thomas-S-B/visualee,88732d9dbe5031dad9c9f85a4c4b35e5f1551f95,.,de.strullerbaumann.visualee.examiner.jpa.JPAExaminerTest.testFindAndSetAttributesIgnoreComments
Thomas-S-B/visualee,88732d9dbe5031dad9c9f85a4c4b35e5f1551f95,.,de.strullerbaumann.visualee.examiner.jpa.JPAExaminerTest.testFindAndSetAttributesManyToMany
Thomas-S-B/visualee,88732d9dbe5031dad9c9f85a4c4b35e5f1551f95,.,de.strullerbaumann.visualee.examiner.jpa.JPAExaminerTest.testFindAndSetAttributesManyToOne
Thomas-S-B/visualee,88732d9dbe5031dad9c9f85a4c4b35e5f1551f95,.,de.strullerbaumann.visualee.filter.boundary.FilterContainerTest.testIsOkExcludeFalse
Thomas-S-B/visualee,88732d9dbe5031dad9c9f85a4c4b35e5f1551f95,.,de.strullerbaumann.visualee.filter.boundary.FilterContainerTest.testIsOkIncludeTrue
Thomas-S-B/visualee,88732d9dbe5031dad9c9f85a4c4b35e5f1551f95,.,de.strullerbaumann.visualee.filter.entity.ClassFilterTest.testIsOkExcludeFalse
Thomas-S-B/visualee,88732d9dbe5031dad9c9f85a4c4b35e5f1551f95,.,de.strullerbaumann.visualee.filter.entity.ClassFilterTest.testIsOkIncludeTrue
Thomas-S-B/visualee,88732d9dbe5031dad9c9f85a4c4b35e5f1551f95,.,de.strullerbaumann.visualee.filter.entity.PackageFilterTest.testIsOkExcludeFalse
Thomas-S-B/visualee,88732d9dbe5031dad9c9f85a4c4b35e5f1551f95,.,de.strullerbaumann.visualee.filter.entity.PackageFilterTest.testIsOkIncludeTrue
Thomas-S-B/visualee,88732d9dbe5031dad9c9f85a4c4b35e5f1551f95,.,de.strullerbaumann.visualee.filter.entity.SourcecodeFilterTest.testIsOkExcludeFalse
Thomas-S-B/visualee,88732d9dbe5031dad9c9f85a4c4b35e5f1551f95,.,de.strullerbaumann.visualee.filter.entity.SourcecodeFilterTest.testIsOkIncludeTrue
Thomas-S-B/visualee,88732d9dbe5031dad9c9f85a4c4b35e5f1551f95,.,de.strullerbaumann.visualee.source.boundary.JavaSourceContainerTest.testAddJavaSourceDoublette
Thomas-S-B/visualee,88732d9dbe5031dad9c9f85a4c4b35e5f1551f95,.,de.strullerbaumann.visualee.source.boundary.JavaSourceContainerTest.testGetJavaSourceByName
Thomas-S-B/visualee,88732d9dbe5031dad9c9f85a4c4b35e5f1551f95,.,de.strullerbaumann.visualee.source.entity.JavaSourceTest.testGetDependenciesOfType
Thomas-S-B/visualee,88732d9dbe5031dad9c9f85a4c4b35e5f1551f95,.,de.strullerbaumann.visualee.ui.graph.boundary.GraphCreatorTest.testBuildJSONLinks
Thomas-S-B/visualee,88732d9dbe5031dad9c9f85a4c4b35e5f1551f95,.,de.strullerbaumann.visualee.ui.graph.boundary.GraphCreatorTest.testBuildJSONNode
Thomas-S-B/visualee,88732d9dbe5031dad9c9f85a4c4b35e5f1551f95,.,de.strullerbaumann.visualee.ui.graph.boundary.GraphCreatorTest.testBuildJSONNodes
Thomas-S-B/visualee,88732d9dbe5031dad9c9f85a4c4b35e5f1551f95,.,de.strullerbaumann.visualee.ui.graph.control.DescriptionTest.testGenerateDescription
Thomas-S-B/visualee,88732d9dbe5031dad9c9f85a4c4b35e5f1551f95,.,de.strullerbaumann.visualee.ui.graph.control.DescriptionTest.testGenerateDescription2
